<?xml version="1.0" encoding="UTF-8"?>
<project-private xmlns="http://www.netbeans.org/ns/project-private/1">
    <editor-bookmarks xmlns="http://www.netbeans.org/ns/editor-bookmarks/2" lastBookmarkId="1">
        <file>
            <url>src/keyD/gui/DataOwner.java</url>
            <bookmark id="1">
                <name/>
                <line>196</line>
                <key/>
            </bookmark>
        </file>
    </editor-bookmarks>
    <open-files xmlns="http://www.netbeans.org/ns/projectui-open-files/2">
        <group>
            <file>file:/D:/keyD%20secure%20key%20deduplication%20with%20IBB%20encryption/src/keyD/gui/ReceiverD.java</file>
            <file>file:/D:/keyD%20secure%20key%20deduplication%20with%20IBB%20encryption/src/keyD/gui/OwnerRegister.java</file>
            <file>file:/D:/keyD%20secure%20key%20deduplication%20with%20IBB%20encryption/src/keyD/gui/OwnerLogin.java</file>
            <file>file:/D:/keyD%20secure%20key%20deduplication%20with%20IBB%20encryption/src/keyD/gui/DataOwner.java</file>
            <file>file:/D:/keyD%20secure%20key%20deduplication%20with%20IBB%20encryption/src/keyD/gui/CloudServiceProvider.java</file>
            <file>file:/D:/keyD%20secure%20key%20deduplication%20with%20IBB%20encryption/src/keyD/gui/KeyServer.java</file>
        </group>
    </open-files>
</project-private>
